{
    "accuracy": 0.6610051186598418,
    "f1": 0.7514076096229313,
    "cpu time": 67.4520993232727,
    "cuda time": null,
    "size": 417.65528106689453
}