{
    "accuracy": 0.664927536231884,
    "f1": 0.7987465181058496,
    "cpu time": 67.98782444000244,
    "cuda time": 5.23702597618103,
    "size": 413.18457794189453
}