{
    "accuracy": 0.6912751677852349,
    "f1": 0.8174603174603174,
    "cpu time": 13.30533218383789,
    "cuda time": null,
    "size": 486.7002410888672
}