{
    "accuracy": 0.8307246376811595,
    "f1": 0.87943848059455,
    "cuda time": 5.6798295974731445,
    "cpu time": 79.73952627182007,
    "size": 417.65528106689453
}