{
    "accuracy": 0.5043478260869565,
    "f1": 0.4632768361581921,
    "cpu time": 48.07153511047363,
    "cuda time": null,
    "size": 86.609375
}