{
    "accuracy": 0.5043478260869565,
    "f1": 0.4632768361581921,
    "cpu time": 45.12953329086304,
    "cuda time": null
}