{
    "accuracy": 0.33507246376811595,
    "f1": 0.0,
    "cpu time": 83.15805196762085,
    "cuda time": 4.89908504486084,
    "size": 417.65528106689453
}