{
    "accuracy": 0.8307246376811595,
    "f1": 0.87943848059455,
    "cpu time": 64.47429299354553,
    "cuda time": null,
    "size": 417.65528106689453
}