{
    "f1": 0.8174603174603174,
    "accuracy": 0.6912751677852349,
    "cpu time": 13.390646934509277,
    "cuda time": 1.751542091369629,
    "size": 486.7061004638672
}