{
    "percent": [
        10,
        20,
        30,
        40,
        50,
        60,
        70,
        80,
        90
    ],
    "f1": [
        0.8777869529314616,
        0.8797702092736972,
        0.8795986622073578,
        0.8743760399334443,
        0.8003829583532791,
        0.01728608470181504,
        0.0,
        0.0017421602787456446,
        0.7953830010493179
    ],
    "cuda time": [
        4.835771560668945,
        5.80115008354187,
        5.77427339553833,
        6.053666114807129,
        5.742453575134277,
        5.699936151504517,
        5.725896596908569,
        5.719564437866211,
        5.641422510147095
    ],
    "cpu time": [
        82.51781940460205,
        76.23685503005981,
        79.89874505996704,
        78.54412651062012,
        79.47577428817749,
        77.40379643440247,
        79.18944144248962,
        78.92371535301208,
        75.23578786849976
    ],
    "accuracy": [
        0.8284057971014492,
        0.8301449275362319,
        0.8330434782608696,
        0.8249275362318841,
        0.7582608695652174,
        0.3408695652173913,
        0.33507246376811595,
        0.3356521739130435,
        0.6608695652173913
    ],
    "type": [
        "unstructure",
        "unstructure",
        "unstructure",
        "unstructure",
        "unstructure",
        "unstructure",
        "unstructure",
        "unstructure",
        "unstructure"
    ]
}