{
    "percent": [
        10,
        20,
        30,
        40,
        50,
        60,
        70,
        80,
        90
    ],
    "f1": [
        0.7916360968451944,
        0.7080231596360629,
        0.5552617662612375,
        0.6633618747183416,
        0.6973018549747049,
        0.7265135699373695,
        0.7990247300592128,
        0.7987465181058496,
        0.7987465181058496
    ],
    "cuda time": [
        5.73734450340271,
        5.6894896030426025,
        7.923367738723755,
        6.781389474868774,
        7.709620237350464,
        7.800048589706421,
        7.657533884048462,
        7.555246114730835,
        7.419159173965454
    ],
    "cpu time": [
        79.843909740448,
        313.8863830566406,
        89.62344217300415,
        86.22280669212341,
        87.07200598716736,
        85.69989466667175,
        83.76344180107117,
        82.98532128334045,
        77.10921287536621
    ],
    "accuracy": [
        0.6707246376811594,
        0.5907246376811595,
        0.5124637681159421,
        0.5669565217391305,
        0.5837681159420289,
        0.6202898550724638,
        0.6655072463768116,
        0.664927536231884,
        0.664927536231884
    ],
    "type": [
        "ln_structure",
        "ln_structure",
        "ln_structure",
        "ln_structure",
        "ln_structure",
        "ln_structure",
        "ln_structure",
        "ln_structure",
        "ln_structure"
    ]
}