{
    "accuracy": 0.8283796740172579,
    "f1": 0.8844415752098128,
    "cpu time": 13.959874153137207,
    "cuda time": 2.6849753856658936,
    "size": 417.65528106689453
}