{
    "accuracy": 0.8283796740172579,
    "f1": 0.8844415752098128,
    "cpu time": 11.00797176361084,
    "cuda time": null,
    "size": 91.080078125
}