{
    "accuracy": 0.8307246376811595,
    "f1": 0.87943848059455,
    "cpu time": 67.77916312217712,
    "cuda time": 6.1416239738464355
}