{
    "accuracy": 0.8307246376811595,
    "f1": 0.87943848059455,
    "cuda time": 5.3341896533966064,
    "cpu time": 64.74835252761841,
    "size": 417.65528106689453
}