{
    "accuracy": 0.8283796740172579,
    "f1": 0.8844415752098128,
    "cpu time": 14.042388916015625,
    "cuda time": 2.837186574935913
}