{
    "accuracy": 0.8283796740172579,
    "f1": 0.8844415752098128,
    "cuda time": 1.8768351078033447,
    "cpu time": 11.699313879013062,
    "size": 417.65528106689453
}