{
    "accuracy": 0.831304347826087,
    "f1": 0.8798017348203222,
    "cpu time": 66.82392764091492,
    "cuda time": null,
    "size": 91.080078125
}