{
    "percent": [
        10,
        20,
        30
    ],
    "f1": [
        0.0,
        0.0,
        0.0
    ],
    "cuda time": [
        6.5053088665008545,
        14.838896989822388,
        39.54865026473999
    ],
    "cpu time": [],
    "accuracy": [
        0.3087248322147651,
        0.3087248322147651,
        0.3087248322147651
    ],
    "type": [
        "ln_structure",
        "ln_structure",
        "ln_structure"
    ]
}