{
    "accuracy": 0.8234782608695652,
    "f1": 0.874510611992582,
    "cpu time": 41.94166564941406,
    "cuda time": null,
    "size": 91.080078125
}