{
    "percent": [
        10,
        20,
        30,
        40,
        50,
        60,
        70,
        80,
        90
    ],
    "f1": [
        0.8853092783505154,
        0.880722114764668,
        0.8850129198966409,
        0.8785900783289817,
        0.7806004618937644,
        0.3495575221238938,
        0.2351571594877765,
        0.3913470993117011,
        0.8154457694491766
    ],
    "cuda time": [
        1.6929144859313965,
        2.6742303371429443,
        2.776714324951172,
        2.7129549980163574,
        2.696964740753174,
        2.504974842071533,
        2.6727609634399414,
        2.817477226257324,
        3.0889394283294678
    ],
    "cpu time": [
        11.906315803527832,
        13.240327596664429,
        12.857508897781372,
        13.130394220352173,
        13.263718605041504,
        12.832561731338501,
        13.317347049713135,
        13.237804889678955,
        18.374518156051636
    ],
    "accuracy": [
        0.8293384467881112,
        0.822627037392138,
        0.8293384467881112,
        0.8216682646212847,
        0.7267497603068073,
        0.436241610738255,
        0.3700862895493768,
        0.40651965484180247,
        0.6883988494726749
    ],
    "type": [
        "unstructure",
        "unstructure",
        "unstructure",
        "unstructure",
        "unstructure",
        "unstructure",
        "unstructure",
        "unstructure",
        "unstructure"
    ]
}