{
    "percent": [
        10,
        20,
        30,
        40,
        50,
        60,
        70,
        80,
        90
    ],
    "f1": [
        0.8167895632444696,
        0.7967384973791497,
        0.816372939169983,
        0.8174603174603174,
        0.8174603174603174,
        0.8167895632444696,
        0.8174603174603174,
        0.8174603174603174,
        0.8174603174603174
    ],
    "cuda time": [
        4.134546518325806,
        2.836993455886841,
        2.8719277381896973,
        2.8896429538726807,
        2.6702089309692383,
        4.033512353897095,
        2.570136070251465,
        2.840125560760498,
        2.6193416118621826
    ],
    "cpu time": [
        16.202006340026855,
        17.76843285560608,
        15.903268575668335,
        15.23781418800354,
        14.755957841873169,
        15.233280420303345,
        13.369174242019653,
        13.28218388557434,
        13.610204935073853
    ],
    "accuracy": [
        0.6903163950143816,
        0.6653883029721956,
        0.6903163950143816,
        0.6912751677852349,
        0.6912751677852349,
        0.6903163950143816,
        0.6912751677852349,
        0.6912751677852349,
        0.6912751677852349
    ],
    "type": [
        "ln_structure",
        "ln_structure",
        "ln_structure",
        "ln_structure",
        "ln_structure",
        "ln_structure",
        "ln_structure",
        "ln_structure",
        "ln_structure"
    ]
}