{
    "percent": [
        10,
        20,
        30,
        40,
        50,
        60,
        70,
        80,
        90
    ],
    "f1": [
        0.7916360968451944,
        0.7080231596360629,
        0.5552617662612375,
        0.6633618747183416,
        0.6973018549747049,
        0.7265135699373695,
        0.7990247300592128,
        0.7987465181058496,
        0.7987465181058496
    ],
    "cuda time": [
        5.699037790298462,
        5.705916404724121,
        5.637936353683472,
        5.716999292373657,
        6.346923828125,
        5.590200901031494,
        5.57944655418396,
        5.609919786453247,
        5.4983556270599365
    ],
    "cpu time": [
        65.66443920135498,
        65.95729923248291,
        68.50572896003723,
        69.47684454917908,
        66.88780951499939,
        68.19040107727051,
        66.8096559047699,
        66.91059947013855,
        66.54937934875488
    ],
    "accuracy": [
        0.6707246376811594,
        0.5907246376811595,
        0.5124637681159421,
        0.5669565217391305,
        0.5837681159420289,
        0.6202898550724638,
        0.6655072463768116,
        0.664927536231884,
        0.664927536231884
    ],
    "type": [
        "ln_structure",
        "ln_structure",
        "ln_structure",
        "ln_structure",
        "ln_structure",
        "ln_structure",
        "ln_structure",
        "ln_structure",
        "ln_structure"
    ]
}