{
    "accuracy": 0.824065196548418,
    "f1": 0.881498224087827,
    "cpu time": 7.190145492553711,
    "cuda time": null,
    "size": 91.080078125
}