{
    "accuracy": 0.8307246376811595,
    "f1": 0.87943848059455,
    "cpu time": 63.723448276519775,
    "cuda time": 5.671257019042969
}