{
    "percent": [
        10,
        20,
        30,
        40,
        50,
        60,
        70,
        80,
        90
    ],
    "f1": [
        0.8777869529314616,
        0.8797702092736972,
        0.8795986622073578,
        0.8743760399334443,
        0.8003829583532791,
        0.01728608470181504,
        0.0,
        0.0017421602787456446,
        0.7953830010493179
    ],
    "cuda time": [
        4.745062589645386,
        5.883496284484863,
        5.7819695472717285,
        5.738783836364746,
        5.856553077697754,
        5.715821743011475,
        5.7710862159729,
        5.618096590042114,
        5.6026082038879395
    ],
    "cpu time": [
        69.57550406455994,
        65.29263353347778,
        66.0870943069458,
        65.65327739715576,
        66.06130146980286,
        65.49623966217041,
        66.73524117469788,
        65.88913536071777,
        65.4354636669159
    ],
    "accuracy": [
        0.8284057971014492,
        0.8301449275362319,
        0.8330434782608696,
        0.8249275362318841,
        0.7582608695652174,
        0.3408695652173913,
        0.33507246376811595,
        0.3356521739130435,
        0.6608695652173913
    ],
    "type": [
        "unstructure",
        "unstructure",
        "unstructure",
        "unstructure",
        "unstructure",
        "unstructure",
        "unstructure",
        "unstructure",
        "unstructure"
    ]
}