{
    "accuracy": 0.6202898550724638,
    "f1": 0.7591026112541376,
    "cpu time": 107.34287166595459,
    "cuda time": null,
    "size": 486.7002410888672
}