{
    "accuracy": 0.7746883988494727,
    "f1": 0.848093083387201,
    "cpu time": 12.549953937530518,
    "cuda time": null,
    "size": 486.7002410888672
}