{
    "percent": [
        10,
        20,
        30,
        40,
        50,
        60,
        70,
        80,
        90
    ],
    "f1": [
        0.7938288920056101,
        0.773090909090909,
        0.7751937984496124,
        0.0,
        0.0,
        0.0,
        0.0,
        0.0,
        0.0
    ],
    "cuda time": [
        11.851957559585571,
        11.783653736114502,
        11.686673402786255,
        11.566436052322388,
        11.456430912017822,
        6.491225242614746,
        6.416776180267334,
        6.347260236740112,
        6.346456527709961
    ],
    "cpu time": [
        87.80204749107361,
        86.68856310844421,
        85.34108471870422,
        85.26702213287354,
        89.34380006790161,
        88.1209614276886,
        84.40968799591064,
        86.49781703948975,
        84.90899467468262
    ],
    "accuracy": [
        0.6591304347826087,
        0.6382608695652174,
        0.6469565217391304,
        0.33507246376811595,
        0.33507246376811595,
        0.33507246376811595,
        0.33507246376811595,
        0.33507246376811595,
        0.33507246376811595
    ],
    "type": [
        "ln_structure",
        "ln_structure",
        "ln_structure",
        "ln_structure",
        "ln_structure",
        "ln_structure",
        "ln_structure",
        "ln_structure",
        "ln_structure"
    ]
}