{
    "percent": [
        10,
        20,
        30,
        40,
        50,
        60,
        70,
        80,
        90
    ],
    "f1": [
        0.7626745040411462,
        0.7719044170890659,
        0.7917261055634808,
        0.8007272727272727,
        0.7997208653175157,
        0.5742369374030005,
        0.7976232086682978,
        0.7950963222416813,
        0.7987465181058496
    ],
    "cuda time": [
        11.368586778640747,
        12.052385568618774,
        12.01824426651001,
        12.015639781951904,
        11.878888845443726,
        11.771916389465332,
        11.626808166503906,
        11.434561252593994,
        11.254689455032349
    ],
    "cpu time": [
        78.88730478286743,
        81.01330900192261,
        81.42294549942017,
        85.88344049453735,
        85.4019193649292,
        80.67635560035706,
        80.66290831565857,
        84.56308674812317,
        83.76370739936829
    ],
    "accuracy": [
        0.6255072463768115,
        0.6347826086956522,
        0.6614492753623188,
        0.6823188405797102,
        0.6672463768115942,
        0.5228985507246376,
        0.6643478260869565,
        0.6608695652173913,
        0.664927536231884
    ],
    "type": [
        "unstructure",
        "unstructure",
        "unstructure",
        "unstructure",
        "unstructure",
        "unstructure",
        "unstructure",
        "unstructure",
        "unstructure"
    ]
}