{
    "accuracy": 0.6202898550724638,
    "f1": 0.7591026112541376,
    "cpu time": 81.90395927429199,
    "cuda time": 6.1522276401519775,
    "size": 486.7061004638672
}