{
    "accuracy": 0.621159420289855,
    "f1": 0.7599632690541781,
    "cpu time": 111.0577871799469,
    "cuda time": null,
    "size": 486.7002410888672
}