{
    "accuracy": 0.6912751677852349,
    "f1": 0.8174603174603174,
    "cpu time": 11.96101689338684,
    "cuda time": 2.8964767456054688,
    "size": 486.7061004638672
}