{
    "accuracy": 0.6426086956521739,
    "f1": 0.7794670005365767,
    "cpu time": 81.572429895401,
    "cuda time": 6.185762882232666,
    "size": 486.7061004638672
}