{
    "percent": [
        10,
        20,
        30,
        40,
        50,
        60,
        70,
        80,
        90
    ],
    "f1": [
        0.8493324856961221,
        0.8451443569553806,
        0.7764350453172205,
        0.10894941634241245,
        0.0027662517289073307,
        0.08376963350785341,
        0.4369114877589454,
        0.008287292817679558,
        0.0
    ],
    "cuda time": [
        2.058180809020996,
        1.9286153316497803,
        3.3593568801879883,
        3.1907591819763184,
        3.2097573280334473,
        2.3099653720855713,
        3.252368688583374,
        3.1319401264190674,
        3.0337045192718506
    ],
    "cpu time": [
        16.185962438583374,
        17.00124979019165,
        17.301599502563477,
        16.694705486297607,
        16.470436811447144,
        15.371254205703735,
        16.349833726882935,
        15.964494705200195,
        16.079296588897705
    ],
    "accuracy": [
        0.7727708533077661,
        0.7737296260786194,
        0.716203259827421,
        0.34132310642377756,
        0.3087248322147651,
        0.3288590604026846,
        0.42665388302972196,
        0.311601150527325,
        0.3087248322147651
    ],
    "type": [
        "unstructure",
        "unstructure",
        "unstructure",
        "unstructure",
        "unstructure",
        "unstructure",
        "unstructure",
        "unstructure",
        "unstructure"
    ]
}