{
    "percent": [
        10,
        20,
        30,
        40,
        50,
        60,
        70,
        80,
        90
    ],
    "f1": [
        0.8145620022753128,
        0.7882005899705015,
        0.773067331670823,
        0.008264462809917356,
        0.008287292817679558,
        0.002770083102493075,
        0.0,
        0.008287292817679558,
        0.0
    ],
    "cuda time": [
        2.8779895305633545,
        2.766774892807007,
        2.8566083908081055,
        2.7322964668273926,
        2.8842616081237793,
        2.8876256942749023,
        3.004941701889038,
        2.828578472137451,
        2.759298324584961
    ],
    "cpu time": [
        15.589048385620117,
        15.770520210266113,
        15.961583614349365,
        15.930171489715576,
        15.857511281967163,
        15.787281513214111,
        15.796875,
        17.08060312271118,
        16.890757083892822
    ],
    "accuracy": [
        0.6874400767018217,
        0.6558005752636625,
        0.6510067114093959,
        0.3096836049856184,
        0.311601150527325,
        0.3096836049856184,
        0.3087248322147651,
        0.311601150527325,
        0.3087248322147651
    ],
    "type": [
        "ln_structure",
        "ln_structure",
        "ln_structure",
        "ln_structure",
        "ln_structure",
        "ln_structure",
        "ln_structure",
        "ln_structure",
        "ln_structure"
    ]
}