{
    "f1": 0.8174603174603174,
    "accuracy": 0.6912751677852349,
    "cpu time": 15.221524715423584,
    "cuda time": 2.8347086906433105,
    "size": 486.7061004638672
}