{
    "accuracy": 0.7775647171620326,
    "f1": 0.8555417185554172,
    "cpu time": 12.764209270477295,
    "cuda time": null,
    "size": 486.7002410888672
}