{
    "f1": 0.8555417185554172,
    "accuracy": 0.7775647171620326,
    "cpu time": 12.731175661087036,
    "cuda time": 3.880117177963257,
    "size": 486.7061004638672
}