{
    "accuracy": 0.6912751677852349,
    "f1": 0.8174603174603174,
    "cpu time": 13.1011962890625,
    "cuda time": 2.553781032562256,
    "size": 486.7061004638672
}