{
    "percent": [
        10,
        20,
        30,
        40,
        50,
        60,
        70,
        80,
        90
    ],
    "f1": [
        0.8174603174603174,
        0.8174603174603174,
        0.8174603174603174,
        0.8174603174603174,
        0.8174603174603174,
        0.8080691642651296,
        0.8174603174603174,
        0.8174603174603174,
        0.8174603174603174
    ],
    "cuda time": [
        3.4986705780029297,
        3.7921290397644043,
        3.680516242980957,
        2.2660129070281982,
        2.3329668045043945,
        2.1429362297058105,
        2.306283950805664,
        2.190298080444336,
        2.285085916519165
    ],
    "cpu time": [],
    "accuracy": [
        0.6912751677852349,
        0.6912751677852349,
        0.6912751677852349,
        0.6912751677852349,
        0.6912751677852349,
        0.6807286673058485,
        0.6912751677852349,
        0.6912751677852349,
        0.6912751677852349
    ],
    "type": [
        "unstructure",
        "unstructure",
        "unstructure",
        "unstructure",
        "unstructure",
        "unstructure",
        "unstructure",
        "unstructure",
        "unstructure"
    ]
}