{
    "accuracy": 0.6202898550724638,
    "f1": 0.7591026112541376,
    "cpu time": 81.90395927429199,
    "cuda time": 5.336472272872925,
    "size": 486.7061004638672
}