{
    "percent": [
        10,
        20,
        30,
        40,
        50,
        60,
        70,
        80,
        90
    ],
    "f1": [
        0.8174603174603174,
        0.8174603174603174,
        0.8174603174603174,
        0.8174603174603174,
        0.8174603174603174,
        0.8080691642651296,
        0.8174603174603174,
        0.8174603174603174,
        0.8174603174603174
    ],
    "cuda time": [
        2.7447926998138428,
        3.4886314868927,
        3.293457269668579,
        3.4192774295806885,
        3.3696861267089844,
        3.312985897064209,
        3.0935909748077393,
        3.1403775215148926,
        3.037839651107788
    ],
    "cpu time": [
        18.81718349456787,
        17.8518967628479,
        22.070685148239136,
        17.866071224212646,
        17.143295764923096,
        16.89777159690857,
        16.774181604385376,
        15.539551973342896,
        15.600200176239014
    ],
    "accuracy": [
        0.6912751677852349,
        0.6912751677852349,
        0.6912751677852349,
        0.6912751677852349,
        0.6912751677852349,
        0.6807286673058485,
        0.6912751677852349,
        0.6912751677852349,
        0.6912751677852349
    ],
    "type": [
        "unstructure",
        "unstructure",
        "unstructure",
        "unstructure",
        "unstructure",
        "unstructure",
        "unstructure",
        "unstructure",
        "unstructure"
    ]
}