{
    "accuracy": 0.7775647171620326,
    "f1": 0.8555417185554172,
    "cpu time": 13.519189357757568,
    "cuda time": 3.119647264480591,
    "size": 486.7061004638672
}