{
    "accuracy": 0.5431447746883988,
    "f1": 0.5904598195100988,
    "cpu time": 13.992931842803955,
    "cuda time": 2.488251209259033,
    "size": 486.7061004638672
}