{
    "percent": [
        10,
        20,
        30,
        40,
        50,
        60,
        70,
        80,
        90
    ],
    "f1": [
        0.002770083102493075,
        0.0,
        0.0,
        0.0,
        0.0,
        0.0,
        0.3789260385005066,
        0.0,
        0.0
    ],
    "cuda time": [
        2.8374617099761963,
        2.929257869720459,
        2.9206697940826416,
        2.7994093894958496,
        3.038015365600586,
        3.015244960784912,
        2.8812475204467773,
        2.7551920413970947,
        3.0102686882019043
    ],
    "cpu time": [
        16.874932289123535,
        17.035096168518066,
        16.986795663833618,
        16.74958300590515,
        17.316445112228394,
        16.89370632171631,
        17.10787296295166,
        17.24095106124878,
        16.980558395385742
    ],
    "accuracy": [
        0.3096836049856184,
        0.3087248322147651,
        0.3087248322147651,
        0.3087248322147651,
        0.3087248322147651,
        0.3087248322147651,
        0.41227229146692235,
        0.3087248322147651,
        0.3087248322147651
    ],
    "type": [
        "ln_structure",
        "ln_structure",
        "ln_structure",
        "ln_structure",
        "ln_structure",
        "ln_structure",
        "ln_structure",
        "ln_structure",
        "ln_structure"
    ]
}