{
    "f1": 0.7591026112541376,
    "accuracy": 0.6202898550724638,
    "cpu time": 118.14539122581482,
    "cuda time": 8.824100017547607,
    "size": 486.7061004638672
}