{
    "matthews_correlation": 0.5891424967516642,
    "cpu time": 33.72944641113281,
    "cuda time": 7.704435586929321
}