{
    "accuracy": 0.8312559923298178,
    "f1": 0.8828229027962716,
    "cuda time": 11.242987871170044,
    "cpu time": 38.5801739692688,
    "size": 850.3095703125
}