{
    "accuracy": 0.8312559923298178,
    "f1": 0.8828229027962716,
    "cpu time": 26.936930179595947,
    "cuda time": null,
    "size": 94.3095703125
}