{
    "accuracy": 0.8125599232981783,
    "f1": 0.8753586228881096,
    "cpu time": 16.79375648498535,
    "cuda time": null,
    "size": 94.3095703125
}