{
    "percent": [
        10,
        20,
        30
    ],
    "f1": [
        0.7680763983628922,
        0.6266562743569758,
        0.30802139037433157
    ],
    "cuda time": [
        20.210673093795776,
        41.29215908050537,
        53.83593821525574
    ],
    "cpu time": [],
    "accuracy": [
        0.6740172579098753,
        0.5407478427612655,
        0.3796740172579099
    ],
    "type": [
        "unstructure",
        "unstructure",
        "unstructure"
    ]
}