{
    "accuracy": 0.8597101449275363,
    "f1": 0.8976311336717429,
    "cpu time": 142.18140983581543,
    "cuda time": 19.224152326583862
}