{
    "accuracy": 0.8597101449275363,
    "f1": 0.8976311336717429,
    "cpu time": 135.09448504447937,
    "cuda time": null,
    "size": 94.3095703125
}