{
    "accuracy": 0.8597101449275363,
    "f1": 0.8976311336717429,
    "cuda time": 23.378018856048584,
    "cpu time": 159.26379823684692,
    "size": 850.3095703125
}