{
    "accuracy": 0.8525482434438397,
    "f1": 0.8845855925639039,
    "cpu time": 90.7253794670105,
    "cuda time": null,
    "size": 94.3095703125
}