{
    "percent": [
        10,
        20,
        30
    ],
    "f1": [
        0.8088691796008869,
        0.1838006230529595,
        0.0
    ],
    "cuda time": [
        24.78835391998291,
        27.711055517196655,
        102.74153995513916
    ],
    "cpu time": [],
    "accuracy": [
        0.7501449275362319,
        0.392463768115942,
        0.33507246376811595
    ],
    "type": [
        "unstructure",
        "unstructure",
        "unstructure"
    ]
}